frame,fps_frame,n_dets,n_fused,n_tracks,n_drawn,n_voronoi_points,n_hold_points,dup_pairs,id_switches_cum
0,0.289,22,21,21,7,7,0,0,0
1,1.064,22,21,21,11,11,0,0,0
2,1.097,22,20,20,11,11,0,0,0
3,1.101,22,20,20,11,11,0,0,0
4,1.062,22,21,21,11,11,0,0,0
5,1.095,22,20,20,11,11,0,0,0
6,1.124,22,21,21,11,11,0,0,0
7,1.042,22,21,21,11,11,0,0,0
8,1.084,22,22,22,11,11,0,0,0
9,1.038,22,22,22,11,11,0,0,0
10,1.074,22,22,22,11,11,0,0,0
11,1.045,22,22,22,11,11,0,0,0
12,1.062,22,22,22,11,11,0,0,0
13,1.027,22,22,22,11,11,0,0,0
14,1.027,22,22,22,11,11,0,0,0
15,1.062,22,21,21,11,11,0,0,0
16,1.04,22,21,21,11,11,0,0,0
17,1.08,22,21,21,11,11,0,0,0
18,1.053,22,21,21,11,11,0,0,0
19,1.065,22,22,22,11,11,0,0,0
20,1.044,22,21,21,11,11,0,0,0
21,0.991,24,22,22,11,11,0,0,0
22,1.032,24,21,21,11,11,0,0,0
23,1.054,22,21,21,11,11,0,0,0
24,1.042,22,21,21,11,11,0,0,0
25,1.059,22,21,21,11,11,0,0,0
26,1.033,22,21,21,11,11,0,0,0
27,1.066,22,20,20,11,11,0,0,0
28,1.018,22,20,20,11,11,0,0,0
29,1.043,22,21,21,11,11,0,0,0
30,1.036,22,21,21,11,11,0,0,0
31,1.023,22,21,21,11,11,0,0,0
32,0.994,22,21,21,11,11,0,0,0
33,1.06,22,21,21,11,11,0,0,0
34,1.049,22,21,21,11,11,0,0,0
35,1.067,22,21,21,11,11,0,0,0
36,1.072,22,21,21,11,11,0,0,0
37,1.051,22,21,21,11,11,0,0,0
38,1.04,22,22,22,11,11,0,0,0
39,1.034,22,22,22,11,11,0,0,0
40,1.057,22,22,22,11,11,0,0,0
41,1.095,22,22,22,11,11,0,0,0
42,1.005,22,21,21,11,11,0,0,0
43,1.084,22,21,21,11,11,0,0,0
44,1.066,22,21,21,11,11,0,0,0
45,1.061,22,21,21,11,11,0,0,0
46,1.068,23,22,22,11,11,0,0,0
47,1.057,23,22,22,11,11,0,0,0
48,1.059,22,21,21,11,11,0,0,0
49,1.057,22,20,20,11,11,0,0,0
50,1.049,23,23,23,11,11,0,0,0
51,1.084,23,22,22,11,11,0,0,0
52,1.072,23,23,23,11,11,0,0,0
53,1.074,23,23,23,11,11,0,0,0
54,1.064,22,21,21,11,11,0,0,0
55,1.089,23,21,21,11,11,0,0,0
56,1.108,22,21,21,10,11,1,0,0
57,1.077,23,23,23,10,11,1,0,0
58,1.094,23,23,23,10,11,1,0,0
59,1.105,22,22,22,10,11,1,0,0
60,1.022,23,22,22,10,11,1,0,0
61,1.082,23,23,23,10,11,1,0,0
62,1.08,23,22,22,10,11,1,0,0
63,1.071,23,23,23,10,11,1,0,0
64,1.11,23,23,23,10,11,1,0,0
65,1.021,23,23,23,10,11,1,0,0
66,1.082,23,23,23,10,11,1,0,0
67,1.084,23,23,23,10,11,1,0,0
68,1.112,23,23,23,10,11,1,0,0
69,1.076,23,23,23,10,11,1,0,0
70,1.095,23,22,22,10,11,1,0,0
71,1.084,23,22,22,10,11,1,0,0
72,1.032,23,21,21,10,11,1,0,0
73,1.098,23,22,22,10,11,1,0,0
74,1.115,23,20,20,10,11,1,0,0
75,1.128,23,21,21,10,11,1,0,0
76,1.041,23,22,22,10,11,1,0,0
77,1.129,23,22,22,10,11,1,0,0
78,1.101,23,22,22,10,11,1,0,0
79,1.048,23,23,23,10,11,1,0,0
80,1.076,23,22,22,10,11,1,0,0
81,1.029,23,22,22,10,11,1,0,0
82,1.023,23,23,23,10,11,1,0,0
83,1.039,23,23,23,10,11,1,0,0
84,1.059,23,23,23,10,11,1,0,0
85,1.055,23,23,23,10,11,1,0,0
86,1.057,23,23,23,10,11,1,0,0
87,1.05,23,22,22,10,11,1,0,0
88,1.074,23,23,23,10,11,1,0,0
89,1.107,23,23,23,10,11,1,0,0
90,1.079,23,22,22,10,11,1,0,0
91,1.098,23,22,22,10,11,1,0,0
92,1.05,23,21,21,10,11,1,0,0
93,0.996,23,22,22,10,11,1,0,0
94,1.018,23,22,22,10,11,1,0,0
95,1.033,23,21,21,10,11,1,0,0
96,1.02,23,21,21,10,11,1,0,0
97,1.069,23,21,21,10,11,1,0,0
98,1.038,23,21,21,10,11,1,0,0
99,1.1,23,20,20,10,11,1,0,0
100,1.094,23,20,20,10,11,1,0,0
101,1.099,23,21,21,10,11,1,0,0
102,1.055,23,20,20,10,11,1,0,0
103,1.018,24,21,21,10,11,1,0,0
104,1.057,24,22,22,10,11,1,0,0
105,1.016,23,22,22,10,11,1,0,0
106,1.036,23,22,22,10,11,1,0,0
107,1.091,23,21,21,10,11,1,0,0
108,1.085,23,23,23,10,11,1,0,0
109,1.077,23,22,22,10,11,1,0,0
110,1.025,23,23,23,10,11,1,0,0
111,1.067,23,20,20,10,11,1,0,0
112,1.096,23,22,22,10,11,1,0,0
113,1.105,23,22,22,10,11,1,0,0
114,1.056,23,22,22,10,11,1,0,0
115,1.104,23,22,22,10,11,1,0,0
116,1.075,23,22,22,10,10,0,0,0
117,1.079,24,23,23,10,10,0,0,0
118,1.096,23,22,22,10,10,0,0,0
119,1.098,23,22,22,10,10,0,0,0
120,1.039,23,22,22,10,10,0,0,0
121,1.093,23,22,22,10,10,0,0,0
122,1.079,23,22,22,10,10,0,0,0
123,1.084,24,23,23,10,10,0,0,0
124,1.081,24,22,22,10,10,0,0,0
125,1.039,23,21,21,10,10,0,0,0
126,1.098,24,22,22,11,11,0,0,1
127,1.074,24,22,22,11,11,0,0,1
128,1.035,23,21,21,11,11,0,0,1
129,1.084,23,21,21,11,11,0,0,1
130,1.104,23,21,21,11,11,0,0,1
131,1.084,23,21,21,11,11,0,0,1
132,1.048,23,21,21,11,11,0,0,1
133,1.032,23,21,21,10,11,1,0,1
134,1.079,24,23,23,10,11,1,0,1
135,1.074,25,23,23,10,11,1,0,1
136,1.051,24,23,23,10,11,1,0,1
137,1.08,24,22,22,10,11,1,0,1
138,1.099,24,23,23,10,11,1,0,1
139,1.101,24,23,23,10,11,1,0,1
140,1.071,24,23,23,10,11,1,0,1
141,1.097,24,23,23,10,11,1,0,1
142,1.045,23,23,23,10,11,1,0,1
143,1.09,23,23,23,10,11,1,0,1
144,1.077,23,22,22,10,11,1,0,1
145,1.083,23,22,22,10,11,1,0,1
146,1.066,23,22,22,10,11,1,0,1
147,1.072,23,22,22,10,11,1,0,1
148,1.065,23,22,22,10,11,1,0,1
149,1.096,23,21,21,10,11,1,0,1
150,1.094,23,22,22,10,11,1,0,1
151,1.078,23,21,21,10,11,1,0,1
152,1.089,23,21,21,10,11,1,0,1
153,1.082,23,21,21,10,11,1,0,1
154,1.111,23,21,21,10,11,1,0,1
155,1.113,23,20,20,10,11,1,0,1
156,1.065,24,21,21,10,11,1,0,1
157,1.085,24,21,21,10,11,1,0,1
158,1.073,24,21,21,10,11,1,0,1
159,1.091,24,21,21,10,11,1,0,1
160,1.102,23,20,20,10,11,1,0,1
161,1.088,23,20,20,10,11,1,0,1
162,1.068,23,20,20,10,11,1,0,1
163,1.087,23,20,20,10,11,1,0,1
164,1.086,23,21,21,10,11,1,0,1
165,1.116,23,21,21,10,11,1,0,1
166,1.104,23,22,22,10,11,1,0,1
167,1.108,23,21,21,10,11,1,0,1
168,1.089,23,22,22,10,11,1,0,1
169,1.081,23,23,23,10,11,1,0,1
170,1.047,23,23,23,10,11,1,0,1
171,1.062,23,22,22,10,11,1,0,1
172,1.079,23,22,22,10,11,1,0,1
173,1.035,23,23,23,10,11,1,0,1
174,1.086,23,22,22,10,11,1,0,1
175,1.058,23,21,21,10,11,1,0,1
176,1.091,23,21,21,10,11,1,0,1
177,1.061,23,20,20,10,11,1,0,1
178,1.086,23,21,21,11,11,0,0,2
179,1.083,23,21,21,11,11,0,0,2
180,1.098,23,21,21,11,11,0,0,2
181,1.093,23,20,20,11,11,0,0,2
182,1.099,23,20,20,11,11,0,0,2
183,1.112,23,20,20,11,11,0,0,2
184,1.012,23,20,20,11,11,0,0,2
185,1.087,23,20,20,11,11,0,0,2
186,1.063,23,19,19,11,11,0,0,2
187,1.097,23,19,19,11,11,0,0,2
188,1.1,23,19,19,11,11,0,0,2
189,1.034,23,20,20,11,11,0,0,2
190,1.059,23,20,20,11,11,0,0,2
191,1.11,23,20,20,11,11,0,0,2
192,1.079,23,22,22,11,11,0,0,2
193,1.106,23,21,21,11,11,0,0,2
194,1.103,23,21,21,11,11,0,0,2
195,1.14,23,20,20,11,11,0,0,2
196,1.081,23,20,20,11,11,0,0,2
197,1.128,23,19,19,11,11,0,0,2
198,1.086,23,19,19,11,11,0,0,2
199,1.107,23,19,19,11,11,0,0,2
200,1.119,23,18,18,11,11,0,0,2
201,1.113,23,19,19,11,11,0,0,2
202,1.103,23,19,19,11,11,0,0,2
203,1.072,23,19,19,11,11,0,0,2
204,1.119,23,19,19,11,11,0,0,2
205,1.095,23,19,19,11,11,0,0,2
206,1.072,23,19,19,11,11,0,0,2
207,1.077,23,19,19,11,11,0,0,2
208,1.069,23,20,20,11,11,0,0,2
209,1.044,23,21,21,11,11,0,0,2
210,1.11,23,20,20,11,11,0,0,2
211,1.096,23,20,20,11,11,0,0,2
212,1.114,23,21,21,11,11,0,0,2
213,1.095,23,21,21,11,11,0,0,2
214,1.107,23,21,21,11,11,0,0,2
215,1.093,23,21,21,11,11,0,0,2
216,1.124,23,20,20,11,11,0,0,2
217,1.101,23,21,21,11,11,0,0,2
218,1.102,23,21,21,11,11,0,0,2
219,1.011,23,20,20,11,11,0,0,2
220,1.047,23,22,22,11,11,0,0,2
221,1.063,23,21,21,11,11,0,0,2
222,1.022,23,21,21,11,11,0,0,2
223,1.011,23,21,21,11,11,0,0,2
224,1.023,23,22,22,11,11,0,0,2
225,1.026,23,22,22,11,11,0,0,2
226,1.028,23,21,21,11,11,0,0,2
227,1.105,23,21,21,11,11,0,0,2
228,1.103,23,21,21,11,11,0,0,2
229,1.108,23,21,21,11,11,0,0,2
230,1.102,23,21,21,11,11,0,0,2
231,1.079,23,21,21,11,11,0,0,2
232,1.132,23,21,21,11,11,0,0,2
233,1.1,23,20,20,11,11,0,0,2
234,1.138,22,21,21,11,11,0,0,2
235,1.078,22,22,22,11,11,0,0,2
236,1.132,22,22,22,11,11,0,0,2
237,1.132,22,20,20,11,11,0,0,2
238,1.123,22,19,19,11,11,0,0,2
239,1.119,22,21,21,11,11,0,0,2
240,1.105,23,22,22,11,11,0,0,2
241,1.079,24,21,21,11,11,0,0,2
242,1.076,24,23,23,11,11,0,0,2
243,1.071,24,22,22,11,11,0,0,2
244,1.08,24,21,21,11,11,0,0,2
245,1.091,24,21,21,11,11,0,0,2
246,1.089,23,20,20,11,11,0,0,2
247,1.101,23,20,20,11,11,0,0,2
248,1.084,23,20,20,11,11,0,0,2
249,1.113,23,21,21,11,11,0,0,2
250,1.076,23,20,20,11,11,0,0,2
251,1.088,23,20,20,11,11,0,0,2
252,1.029,23,20,20,11,11,0,0,2
253,1.037,23,20,20,11,11,0,0,2
254,1.085,23,20,20,11,11,0,0,2
255,1.114,23,21,21,11,11,0,0,2
256,1.094,23,20,20,11,11,0,0,2
257,1.119,23,20,20,11,11,0,0,2
258,1.105,23,21,21,11,11,0,0,2
259,1.091,23,20,20,11,11,0,0,2
260,1.092,23,20,20,11,11,0,0,2
261,1.119,23,18,18,11,11,0,0,2
262,1.124,23,19,19,11,11,0,0,2
263,1.119,23,18,18,11,11,0,0,2
264,1.098,22,19,19,11,11,0,0,2
265,1.097,22,18,18,11,11,0,0,2
266,1.133,23,19,19,11,11,0,0,2
267,1.099,24,19,19,11,11,0,0,2
268,1.125,22,18,18,11,11,0,0,2
269,1.127,23,19,19,11,11,0,0,2
270,1.099,22,17,17,11,11,0,0,2
271,1.142,22,17,17,11,11,0,0,2
272,1.105,23,19,19,11,11,0,0,2
273,1.127,23,19,19,11,11,0,0,2
274,1.119,22,18,18,11,11,0,0,2
275,1.11,22,18,18,11,11,0,0,2
276,1.04,22,19,19,11,11,0,0,2
277,1.126,22,18,18,11,11,0,0,2
278,1.081,25,20,20,11,11,0,0,2
279,1.066,25,20,20,11,11,0,0,2
280,1.109,22,18,18,11,11,0,0,2
281,1.046,23,18,18,11,11,0,0,2
282,1.111,22,17,17,11,11,0,0,2
283,1.097,22,18,18,11,11,0,0,2
284,1.086,22,19,19,11,11,0,0,2
285,1.099,22,19,19,11,11,0,0,2
286,1.095,22,20,20,11,11,0,0,2
287,1.021,22,20,20,11,11,0,0,2
288,1.035,22,20,20,11,11,0,0,2
289,1.058,22,20,20,11,11,0,0,2
290,1.07,22,21,21,11,11,0,0,2
291,1.038,22,21,21,11,11,0,0,2
292,1.08,22,20,20,11,11,0,0,2
293,1.032,22,21,21,11,11,0,0,2
294,1.085,23,22,22,11,11,0,0,2
295,1.091,23,22,22,11,11,0,0,2
296,1.114,23,21,21,11,11,0,0,2
297,1.077,23,22,22,11,11,0,0,2
298,1.008,23,22,22,11,11,0,0,2
299,1.039,23,23,23,11,11,0,0,2
300,1.032,24,22,22,11,11,0,0,2
301,1.067,22,21,21,11,11,0,0,2
302,1.046,22,21,21,11,11,0,0,2
303,0.981,24,22,22,11,11,0,0,2
304,1.019,23,20,20,11,11,0,0,2
305,1.057,22,20,20,11,11,0,0,2
306,1.104,23,20,20,11,11,0,0,2
307,1.096,23,19,19,11,11,0,0,2
308,1.106,23,21,21,11,11,0,0,2
309,1.043,25,20,20,11,11,0,0,2
310,1.083,25,20,20,11,11,0,0,2
311,1.108,23,22,22,11,11,0,0,2
312,1.111,23,22,22,11,11,0,0,2
313,1.088,23,23,23,11,11,0,0,2
314,1.125,23,22,22,11,11,0,0,2
315,1.083,22,21,21,11,11,0,0,2
316,1.114,22,22,22,11,11,0,0,2
317,1.128,21,21,21,10,11,1,0,2
318,1.136,21,21,21,10,11,1,0,2
319,1.135,21,21,21,10,11,1,0,2
320,1.117,21,21,21,10,11,1,0,2
321,1.104,22,22,22,10,11,1,0,2
322,1.126,22,20,20,9,11,2,0,2
323,1.119,22,20,20,9,11,2,0,2
324,1.111,22,20,20,9,11,2,0,2
325,1.102,23,20,20,9,11,2,0,2
326,1.039,24,22,22,9,11,2,0,2
327,1.08,24,23,23,10,11,1,0,2
328,1.13,23,21,21,9,11,2,0,2
329,1.141,23,21,21,10,11,1,0,3
330,1.109,23,20,20,10,11,1,0,3
331,1.095,24,21,21,10,11,1,0,3
332,1.087,22,20,20,10,11,1,0,4
333,1.122,22,20,20,11,11,0,0,7
334,1.098,21,20,20,11,11,0,0,9
335,1.077,21,20,20,11,11,0,0,11
336,1.142,21,20,20,11,11,0,0,13
337,1.107,21,20,20,11,11,0,0,15
338,1.084,22,21,21,11,11,0,0,17
339,1.093,22,20,20,11,11,0,0,19
340,1.127,22,20,20,11,11,0,0,20
341,1.11,22,20,20,11,11,0,0,21
342,1.082,23,20,20,11,11,0,0,23
343,1.009,23,20,20,11,11,0,0,25
344,1.104,23,20,20,11,11,0,0,27
345,1.086,23,21,21,11,11,0,0,29
346,1.068,23,20,20,11,11,0,0,31
347,1.087,23,22,22,11,11,0,0,33
348,1.102,23,21,21,11,11,0,0,35
349,1.036,23,21,21,11,11,0,0,37
350,1.107,23,22,22,11,11,0,0,39
351,1.076,23,22,22,11,11,0,0,41
352,1.102,22,21,21,11,11,0,0,42
353,1.09,24,23,23,11,11,0,0,43
354,1.071,24,23,23,11,11,0,0,45
355,1.09,23,22,22,11,11,0,0,47
356,1.098,24,24,24,11,11,0,0,49
357,1.047,23,23,23,11,11,0,0,52
358,1.12,23,22,22,11,11,0,0,56
359,1.094,23,21,21,11,11,0,0,60
360,1.137,20,17,17,11,11,0,0,63
361,1.16,20,16,16,11,11,0,0,64
362,1.132,21,19,19,11,11,0,0,66
363,1.109,21,18,18,11,11,0,0,69
364,1.111,21,20,20,11,11,0,0,72
365,1.12,21,19,19,11,11,0,0,76
366,1.094,22,20,20,11,11,0,0,80
367,1.136,22,20,20,11,11,0,0,84
368,1.12,22,20,20,11,11,0,0,88
369,1.138,22,21,21,11,11,0,0,92
370,1.137,22,21,21,11,11,0,0,96
371,1.087,22,21,21,11,11,0,0,100
372,1.119,21,20,20,11,11,0,0,104
373,1.143,21,20,20,11,11,0,0,108
374,1.072,21,20,20,11,11,0,0,112
375,1.168,21,19,19,11,11,0,0,116
376,1.161,21,20,20,11,11,0,0,120
377,1.121,21,19,19,11,11,0,0,121
378,1.12,21,20,20,11,11,0,0,123
379,1.14,21,18,18,11,11,0,0,124
380,1.155,21,18,18,11,11,0,0,125
381,1.11,22,18,18,11,11,0,0,125
382,1.15,22,18,18,11,11,0,0,125
383,1.118,21,17,17,11,11,0,0,127
384,1.144,21,17,17,11,11,0,0,129
385,1.131,21,17,17,11,11,0,0,131
386,1.115,21,18,18,11,11,0,0,133
387,1.147,21,17,17,11,11,0,0,135
388,1.141,21,18,18,11,11,0,0,137
389,1.123,21,18,18,11,11,0,0,139
390,1.131,21,18,18,11,11,0,0,141
391,1.131,21,19,19,11,11,0,0,143
392,1.151,21,18,18,11,11,0,0,145
393,1.149,21,18,18,11,11,0,0,149
394,1.117,21,19,19,11,11,0,0,153
395,1.075,22,19,19,11,11,0,0,157
396,1.067,23,21,21,11,11,0,0,161
397,1.106,24,21,21,11,11,0,0,165
398,1.11,23,20,20,11,11,0,0,169
399,1.143,22,19,19,11,11,0,0,172
400,1.055,23,19,19,11,11,0,0,174
401,1.113,23,20,20,11,11,0,0,176
402,1.106,22,17,17,11,11,0,0,177
403,1.099,22,17,17,11,11,0,0,177
404,1.104,22,17,17,11,11,0,0,177
405,1.143,22,17,17,11,11,0,0,177
406,1.083,22,18,18,11,11,0,0,177
407,1.098,22,19,19,11,11,0,0,177
408,1.093,23,20,20,11,11,0,0,177
409,1.101,22,20,20,11,11,0,0,177
410,1.13,23,21,21,11,11,0,0,178
411,1.06,23,21,21,11,11,0,0,180
412,1.095,23,20,20,11,11,0,0,182
413,1.141,23,20,20,11,11,0,0,184
414,1.046,25,22,22,11,11,0,0,187
415,1.071,24,20,20,11,11,0,0,190
416,1.101,23,20,20,11,11,0,0,192
417,1.022,24,20,20,11,11,0,0,194
418,1.107,22,20,20,11,11,0,0,196
419,1.073,22,20,20,11,11,0,0,198
420,1.021,22,20,20,11,11,0,0,200
421,1.051,22,21,21,11,11,0,0,202
422,1.075,22,20,20,11,11,0,0,204
423,1.049,22,20,20,11,11,0,0,206
424,1.093,22,20,20,11,11,0,0,208
425,1.081,22,20,20,11,11,0,0,210
426,1.111,22,21,21,11,11,0,0,212
427,1.104,22,21,21,11,11,0,0,214
428,1.087,21,19,19,11,11,0,0,216
429,1.158,21,18,18,11,11,0,0,217
430,1.125,22,19,19,11,11,0,0,217
431,1.117,22,19,19,11,11,0,0,217
432,1.074,23,21,21,11,11,0,0,218
433,1.075,23,21,21,11,11,0,0,220
434,1.046,23,21,21,11,11,0,0,222
435,1.112,23,21,21,11,11,0,0,224
436,1.09,23,20,20,11,11,0,0,226
437,1.111,23,21,21,11,11,0,0,228
438,1.105,22,20,20,11,11,0,0,230
439,1.087,23,21,21,11,11,0,0,232
440,1.077,22,21,21,11,11,0,0,234
441,1.075,22,21,21,11,11,0,0,236
442,1.08,22,20,20,11,11,0,0,238
443,1.052,23,20,20,11,11,0,0,240
444,1.137,22,21,21,11,11,0,0,242
445,1.08,22,21,21,11,11,0,0,244
446,1.068,21,20,20,11,11,0,0,246
447,1.141,21,19,19,11,11,0,0,248
448,1.124,21,20,20,11,11,0,0,250
449,1.162,21,19,19,11,11,0,0,251
450,1.107,21,18,18,11,11,0,0,251
451,1.081,22,20,20,11,11,0,0,252
452,1.131,21,20,20,11,11,0,0,254
453,1.125,21,19,19,11,11,0,0,255
454,1.13,21,20,20,11,11,0,0,256
455,1.103,21,20,20,11,11,0,0,258
456,1.108,20,17,17,11,11,0,0,259
457,1.138,19,16,16,9,11,2,0,259
458,1.082,21,17,17,10,11,1,0,259
459,1.154,20,17,17,10,11,1,0,259
460,1.171,20,18,18,10,11,1,0,259
461,1.123,21,18,18,10,11,1,0,259
462,1.128,21,19,19,10,11,1,0,259
463,1.082,22,19,19,10,11,1,0,259
464,1.047,23,21,21,10,11,1,0,260
465,1.084,22,21,21,10,11,1,0,262
466,1.113,21,20,20,10,11,1,0,264
467,1.105,21,20,20,10,11,1,0,266
468,1.13,20,19,19,10,11,1,0,268
469,1.149,20,19,19,10,11,1,0,270
470,1.045,21,20,20,10,11,1,0,272
471,1.085,21,20,20,10,11,1,0,274
472,1.103,22,21,21,10,11,1,0,276
473,1.12,22,21,21,10,11,1,0,278
474,1.096,20,19,19,10,11,1,0,280
475,1.159,20,19,19,10,11,1,0,282
476,1.154,21,19,19,10,11,1,0,284
477,1.158,21,19,19,10,11,1,0,286
478,1.132,22,20,20,10,11,1,0,288
479,1.078,22,20,20,10,11,1,0,290
480,1.065,21,20,20,10,11,1,0,292
481,1.143,21,19,19,10,11,1,0,294
482,1.152,20,18,18,10,11,1,0,296
483,1.155,20,18,18,10,11,1,0,298
484,1.181,20,20,20,10,11,1,0,300
485,1.115,20,20,20,10,11,1,0,302
486,1.083,21,21,21,10,11,1,0,304
487,1.143,21,21,21,10,11,1,0,306
488,1.116,21,21,21,10,11,1,0,308
489,1.126,22,22,22,11,11,0,0,311
490,1.096,23,23,23,11,11,0,0,313
491,1.101,22,22,22,10,11,1,0,315
492,1.084,22,22,22,10,11,1,0,317
493,1.088,23,23,23,11,11,0,0,319
494,1.052,23,23,23,11,11,0,0,321
495,1.116,23,23,23,11,11,0,0,323
496,1.061,24,24,24,11,11,0,0,325
497,1.073,24,24,24,11,11,0,0,327
498,1.118,22,22,22,11,11,0,0,329
499,1.078,22,21,21,11,11,0,0,330
500,1.142,21,19,19,11,11,0,0,330
501,1.102,23,20,20,11,11,0,0,330
502,1.109,23,20,20,11,11,0,0,330
503,1.119,22,20,20,11,11,0,0,330
504,1.134,21,20,20,11,11,0,0,330
505,1.1,21,19,19,11,11,0,0,330
506,1.117,22,19,19,11,11,0,0,330
507,1.13,21,19,19,11,11,0,0,330
508,1.095,21,19,19,11,11,0,0,330
509,1.148,21,19,19,11,11,0,0,330
510,1.115,21,20,20,11,11,0,0,330
511,1.123,22,20,20,11,11,0,0,330
512,1.115,22,20,20,11,11,0,0,330
513,1.126,22,21,21,11,11,0,0,330
514,1.072,22,20,20,11,11,0,0,330
515,1.135,22,21,21,11,11,0,0,330
516,1.11,21,20,20,11,11,0,0,330
517,1.133,20,19,19,11,11,0,0,330
518,1.143,21,20,20,11,11,0,0,330
519,1.096,21,20,20,11,11,0,0,330
520,1.014,22,20,20,11,11,0,0,330
521,1.129,22,19,19,11,11,0,0,330
522,1.121,22,20,20,11,11,0,0,330
523,1.114,23,21,21,11,11,0,0,330
524,1.12,22,20,20,11,11,0,0,330
525,1.095,22,20,20,11,11,0,0,330
526,1.033,26,22,22,11,11,0,0,330
527,1.031,25,22,22,11,11,0,0,330
528,1.114,23,22,22,11,11,0,0,330
529,1.115,23,21,21,11,11,0,0,330
530,1.102,23,21,21,11,11,0,0,330
531,1.094,23,22,22,11,11,0,0,330
532,1.128,22,20,20,11,11,0,0,330
533,1.12,22,20,20,11,11,0,0,330
534,1.115,22,20,20,11,11,0,0,330
535,1.076,22,21,21,11,11,0,0,330
536,1.067,22,21,21,11,11,0,0,330
537,1.07,22,20,20,11,11,0,0,330
538,1.099,23,22,22,11,11,0,0,330
539,1.096,23,22,22,11,11,0,0,330
540,1.092,23,22,22,11,11,0,0,330
541,1.087,23,23,23,11,11,0,0,330
542,1.105,22,21,21,11,11,0,0,330
543,1.079,22,21,21,11,11,0,0,330
544,1.115,21,21,21,11,11,0,0,330
545,1.147,22,22,22,11,11,0,0,330
546,1.129,22,22,22,11,11,0,0,330
547,1.108,22,22,22,11,11,0,0,330
548,1.121,22,22,22,11,11,0,0,330
549,1.128,21,20,20,10,11,1,0,330
550,1.171,20,18,18,10,11,1,0,330
551,1.152,21,19,19,10,11,1,0,330
552,1.054,22,21,21,10,11,1,0,330
553,1.038,22,22,22,10,11,1,0,330
554,1.043,22,21,21,10,11,1,0,330
555,1.06,23,22,22,11,11,0,0,330
556,1.039,23,22,22,11,11,0,0,330
557,1.091,23,22,22,11,11,0,0,330
558,1.106,22,21,21,11,11,0,0,330
559,1.056,22,20,20,11,11,0,0,330
560,1.133,21,19,19,11,11,0,0,330
561,1.11,21,19,19,11,11,0,0,330
562,1.138,21,20,20,11,11,0,0,330
563,1.133,21,20,20,11,11,0,0,330
564,1.14,21,20,20,11,11,0,0,330
565,1.111,21,21,21,11,11,0,0,330
566,1.125,21,21,21,11,11,0,0,330
567,1.132,20,20,20,10,11,1,0,330
568,1.155,21,21,21,10,11,1,0,330
569,1.14,21,21,21,9,11,2,0,330
570,1.089,21,21,21,9,11,2,0,330
571,1.153,21,20,20,10,11,1,0,330
572,1.14,21,20,20,10,11,1,0,330
573,1.143,21,19,19,10,11,1,0,330
574,1.112,22,19,19,10,11,1,0,330
575,1.074,22,20,20,10,11,1,0,330
576,1.079,22,20,20,10,11,1,0,330
577,1.116,22,20,20,9,11,2,0,330
578,1.078,22,21,21,9,11,2,0,330
579,1.106,21,20,20,10,11,1,0,330
580,1.117,21,21,21,10,11,1,0,330
581,1.131,21,21,21,10,11,1,0,330
582,1.05,21,20,20,10,11,1,0,330
583,1.109,21,21,21,10,11,1,0,330
584,1.083,23,22,22,10,11,1,0,330
585,1.08,23,22,22,10,11,1,0,330
586,1.076,23,21,21,10,11,1,0,330
587,1.077,22,21,21,10,11,1,0,330
588,1.057,23,21,21,10,11,1,0,330
589,1.135,21,20,20,10,11,1,0,330
590,1.123,22,22,22,10,11,1,0,330
591,1.107,22,22,22,10,11,1,0,330
592,1.142,22,22,22,10,11,1,0,330
593,1.112,22,22,22,10,11,1,0,330
594,1.138,22,22,22,10,11,1,0,330
595,1.106,22,22,22,10,11,1,0,330
596,1.132,21,20,20,10,11,1,0,330
597,1.128,21,21,21,10,11,1,0,330
598,1.133,22,22,22,10,11,1,0,330
599,1.073,22,22,22,10,11,1,0,330
600,1.103,22,21,21,10,11,1,0,330
601,1.136,21,20,20,9,11,2,0,330
602,1.061,21,20,20,9,11,2,0,330
603,1.136,21,20,20,9,11,2,0,330
604,1.109,22,21,21,9,11,2,0,330
605,1.115,22,21,21,10,11,1,0,330
606,1.128,22,21,21,10,11,1,0,330
607,1.101,22,21,21,10,11,1,0,330
608,1.124,22,22,22,10,11,1,0,330
609,1.107,22,22,22,10,11,1,0,330
610,1.085,22,22,22,10,11,1,0,330
611,1.099,22,22,22,10,11,1,0,330
612,1.12,22,22,22,11,11,0,0,331
613,1.141,21,21,21,11,11,0,0,331
614,1.12,21,21,21,11,11,0,0,331
615,1.162,21,21,21,11,11,0,0,331
616,1.11,21,21,21,11,11,0,0,331
617,1.149,20,20,20,10,11,1,0,331
618,1.123,20,19,19,10,11,1,0,331
619,1.154,20,19,19,10,11,1,0,331
620,1.154,21,20,20,10,11,1,0,331
621,1.157,21,20,20,10,11,1,0,331
622,1.169,20,19,19,10,11,1,0,331
623,1.116,21,19,19,10,11,1,0,331
624,1.151,20,18,18,10,11,1,0,331
625,1.15,19,18,18,10,11,1,0,331
626,1.165,19,18,18,10,11,1,0,331
627,1.171,19,18,18,10,11,1,0,331
628,1.152,20,19,19,10,11,1,0,331
629,1.168,20,18,18,10,11,1,0,331
630,1.159,20,18,18,10,11,1,0,331
631,1.175,20,18,18,10,11,1,0,331
632,1.154,20,19,19,10,11,1,0,331
633,1.141,20,19,19,10,11,1,0,331
634,1.095,20,17,17,10,11,1,0,331
635,1.161,20,17,17,10,11,1,0,331
636,1.137,20,18,18,10,11,1,0,331
637,1.175,20,18,18,10,11,1,0,331
638,1.161,20,18,18,10,11,1,0,331
639,1.163,20,17,17,10,11,1,0,331
640,1.164,20,17,17,10,11,1,0,331
641,1.157,20,17,17,10,11,1,0,331
642,1.137,20,18,18,10,11,1,0,331
643,1.163,20,19,19,10,11,1,0,331
644,1.112,21,17,17,10,11,1,0,331
645,1.113,21,17,17,10,11,1,0,331
646,1.134,21,19,19,10,11,1,0,331
647,1.136,21,18,18,10,11,1,0,331
648,1.104,21,20,20,10,11,1,0,331
649,1.122,21,20,20,10,11,1,0,331
650,1.133,21,19,19,10,11,1,0,331
651,1.102,21,19,19,10,11,1,0,331
652,1.148,21,20,20,10,11,1,0,331
653,1.121,21,20,20,10,11,1,0,331
654,1.136,22,20,20,10,11,1,0,331
655,1.088,22,19,19,10,11,1,0,331
656,1.124,20,19,19,10,11,1,0,331
657,1.14,20,19,19,10,11,1,0,331
658,1.154,19,18,18,10,11,1,0,331
659,1.124,19,17,17,10,11,1,0,331
660,1.15,20,18,18,10,11,1,0,331
661,1.159,20,18,18,10,11,1,0,331
662,1.132,20,19,19,10,11,1,0,332
663,1.129,20,19,19,10,11,1,0,332
664,1.162,20,17,17,10,11,1,0,332
665,1.117,20,18,18,10,11,1,0,332
666,1.162,19,18,18,10,11,1,0,332
667,1.158,19,18,18,10,11,1,0,332
668,1.177,19,18,18,10,11,1,0,332
669,1.154,19,18,18,10,11,1,0,332
670,1.168,19,17,17,10,11,1,0,332
671,1.159,18,16,16,10,11,1,0,332
672,1.173,18,16,16,10,11,1,0,332
673,1.17,18,16,16,10,11,1,0,332
674,1.127,18,16,16,10,11,1,0,332
675,1.15,19,17,17,10,11,1,0,332
676,1.177,19,17,17,10,11,1,0,332
677,1.082,20,18,18,10,11,1,0,332
678,1.214,18,16,16,9,11,2,0,332
679,1.173,18,16,16,9,11,2,0,332
680,1.131,21,19,19,10,11,1,0,332
681,1.07,21,19,19,10,11,1,0,332
682,1.113,21,19,19,10,11,1,0,332
683,1.112,21,19,19,10,11,1,0,332
684,1.113,22,20,20,10,11,1,0,332
685,1.106,22,20,20,10,11,1,0,332
686,1.084,21,19,19,10,11,1,0,332
687,1.076,21,19,19,10,11,1,0,332
688,1.048,21,19,19,10,11,1,0,332
689,1.08,21,19,19,10,11,1,0,332
690,1.042,21,19,19,10,11,1,0,332
691,1.081,21,18,18,10,11,1,0,332
692,1.096,21,19,19,10,11,1,0,332
693,1.128,21,19,19,10,11,1,0,332
694,1.086,21,19,19,10,11,1,0,332
695,1.093,22,20,20,10,11,1,0,332
696,1.117,22,20,20,10,11,1,0,332
697,1.116,22,19,19,10,11,1,0,332
698,1.075,23,21,21,10,11,1,0,332
699,1.079,23,21,21,10,11,1,0,332
700,1.104,22,20,20,10,11,1,0,332
701,1.117,22,20,20,10,11,1,0,332
702,1.137,22,20,20,10,11,1,0,332
703,1.091,22,20,20,10,11,1,0,332
704,1.082,22,20,20,10,11,1,0,332
705,1.086,22,20,20,10,11,1,0,332
706,1.111,22,20,20,10,11,1,0,332
707,1.112,22,20,20,11,11,0,0,333
708,1.11,22,19,19,11,11,0,0,333
709,1.1,22,18,18,11,11,0,0,333
710,1.072,22,19,19,10,11,1,0,333
711,1.107,22,18,18,10,11,1,0,333
712,1.072,22,21,21,10,11,1,0,333
713,1.122,22,21,21,10,11,1,0,333
714,1.074,23,22,22,11,11,0,0,333
715,1.075,23,22,22,11,11,0,0,333
716,1.079,23,22,22,10,11,1,0,333
717,1.082,24,21,21,10,11,1,0,333
718,1.059,24,22,22,11,11,0,0,333
719,1.108,23,21,21,11,11,0,0,333
720,1.094,20,19,19,9,11,2,0,333
721,1.13,21,20,20,9,11,2,0,333
722,1.138,19,18,18,9,11,2,0,333
723,1.08,20,19,19,9,11,2,0,333
724,1.109,20,19,19,9,11,2,0,333
725,1.064,21,20,20,10,11,1,0,333
726,1.075,22,20,20,10,11,1,0,333
727,1.096,22,20,20,10,11,1,0,333
728,1.059,22,20,20,10,11,1,0,333
729,1.12,21,19,19,10,11,1,0,333
730,1.094,22,19,19,10,11,1,0,333
731,1.09,22,19,19,10,11,1,0,333
732,1.062,23,21,21,10,11,1,0,333
733,1.104,23,21,21,10,11,1,0,333
734,1.073,23,22,22,9,11,2,0,333
735,1.101,23,21,21,9,11,2,0,333
736,1.122,22,20,20,9,11,2,0,333
737,1.089,22,20,20,10,11,1,0,333
738,1.079,23,21,21,10,11,1,0,333
739,1.095,22,20,20,9,11,2,0,333
740,1.124,21,19,19,9,11,2,0,333
741,1.106,21,18,18,9,11,2,0,333
742,1.184,20,17,17,8,11,3,0,333
743,1.142,20,17,17,8,11,3,0,333
744,1.103,22,19,19,9,11,2,0,333
745,1.106,21,18,18,8,11,3,0,333
746,1.137,22,19,19,9,11,2,0,333
747,1.082,22,19,19,9,11,2,0,333
748,1.09,22,19,19,10,11,1,0,333
749,1.14,22,19,19,10,11,1,0,333
750,1.143,22,19,19,10,11,1,0,333
751,1.101,22,19,19,10,11,1,0,333
752,1.113,22,19,19,10,11,1,0,333
753,1.014,22,19,19,10,11,1,0,333
754,1.018,22,19,19,10,11,1,0,333
755,1.095,22,19,19,10,11,1,0,333
756,1.059,21,18,18,8,11,3,0,333
757,1.082,21,17,17,8,11,3,0,333
758,1.097,22,20,20,10,11,1,0,333
759,1.146,21,18,18,9,11,2,0,333
760,1.111,22,19,19,10,11,1,0,333
761,1.122,22,18,18,10,11,1,0,333
762,1.095,22,20,20,10,11,1,0,333
763,1.07,22,20,20,10,11,1,0,333
764,1.12,22,18,18,10,11,1,0,333
765,1.103,22,18,18,10,11,1,0,333
766,1.161,22,19,19,10,11,1,0,333
767,1.137,22,19,19,10,11,1,0,333
768,1.131,21,17,17,9,11,2,0,333
769,1.12,22,19,19,9,11,2,0,333
770,1.094,22,18,18,10,11,1,0,333
771,1.084,23,18,18,11,11,0,0,334
772,1.123,22,18,18,11,11,0,0,334
773,1.138,22,18,18,11,11,0,0,334
774,1.106,21,18,18,10,11,1,0,334
775,1.126,21,17,17,10,11,1,0,334
776,1.164,21,17,17,11,11,0,0,334
777,1.145,21,18,18,11,11,0,0,334
778,1.151,21,19,19,11,11,0,0,334
779,1.151,21,19,19,11,11,0,0,334
780,1.109,22,19,19,11,11,0,0,334
781,1.145,21,19,19,11,11,0,0,334
782,1.108,21,19,19,11,11,0,0,334
783,1.126,21,19,19,11,11,0,0,334
784,1.155,21,19,19,11,11,0,0,334
785,1.149,21,19,19,11,11,0,0,334
786,1.14,20,18,18,10,11,1,0,334
787,1.152,20,18,18,10,11,1,0,334
788,1.158,21,19,19,11,11,0,0,334
789,1.127,21,19,19,11,11,0,0,334
790,1.139,21,20,20,11,11,0,0,334
791,1.141,21,20,20,11,11,0,0,334
792,1.112,22,21,21,11,11,0,0,334
793,1.146,21,19,19,11,11,0,0,334
794,1.112,21,19,19,11,11,0,0,334
795,1.173,21,19,19,11,11,0,0,334
796,1.134,22,20,20,11,11,0,0,334
797,1.107,22,19,19,11,11,0,0,334
798,1.133,21,20,20,11,11,0,0,334
799,1.15,22,21,21,11,11,0,0,334
800,1.104,22,21,21,11,11,0,0,334
801,1.102,22,21,21,11,11,0,0,334
802,1.156,21,19,19,11,11,0,0,334
803,1.101,21,19,19,11,11,0,0,334
804,1.147,21,19,19,11,11,0,0,334
805,1.141,21,19,19,11,11,0,0,334
806,1.091,22,21,21,11,11,0,0,334
807,1.14,22,20,20,11,11,0,0,334
808,1.128,21,18,18,10,11,1,0,334
809,1.146,21,19,19,10,11,1,0,334
810,1.121,22,21,21,11,11,0,0,334
811,1.134,22,19,19,11,11,0,0,334
812,1.107,22,19,19,11,11,0,0,334
813,1.116,21,18,18,11,11,0,0,334
814,1.144,21,18,18,11,11,0,0,334
815,1.173,20,18,18,11,11,0,0,334
816,1.131,21,18,18,11,11,0,0,334
817,1.089,21,19,19,11,11,0,0,334
818,1.108,21,19,19,11,11,0,0,334
819,1.112,21,18,18,11,11,0,0,334
820,1.059,21,19,19,11,11,0,0,334
821,1.096,21,19,19,11,11,0,0,334
822,1.08,21,19,19,11,11,0,0,334
823,1.061,20,18,18,11,11,0,0,334
824,1.091,20,17,17,11,11,0,0,334
825,1.079,21,18,18,11,11,0,0,334
826,1.109,21,19,19,11,11,0,0,334
827,1.143,20,18,18,10,11,1,0,334
828,1.091,21,19,19,11,11,0,0,334
829,1.094,22,18,18,11,11,0,0,334
830,1.091,22,20,20,11,11,0,0,334
831,1.127,21,18,18,11,11,0,0,334
832,1.096,21,19,19,11,11,0,0,334
833,1.105,21,19,19,11,11,0,0,334
834,1.086,21,19,19,11,11,0,0,334
835,1.117,21,19,19,11,11,0,0,334
836,1.142,21,19,19,11,11,0,0,334
837,1.129,21,19,19,11,11,0,0,334
838,1.102,21,19,19,11,11,0,0,334
839,1.152,21,19,19,11,11,0,0,334
840,1.112,21,19,19,11,11,0,0,334
841,1.157,21,19,19,11,11,0,0,334
842,1.12,21,19,19,11,11,0,0,334
843,1.149,21,20,20,11,11,0,0,334
844,1.154,21,20,20,11,11,0,0,334
845,1.148,21,20,20,11,11,0,0,334
846,1.096,22,20,20,11,11,0,0,334
847,1.174,21,20,20,11,11,0,0,334
848,1.137,21,20,20,11,11,0,0,334
849,1.142,21,20,20,11,11,0,0,334
850,1.154,21,19,19,11,11,0,0,334
851,1.155,21,19,19,11,11,0,0,334
852,1.117,21,19,19,11,11,0,0,334
853,1.159,20,18,18,10,11,1,0,334
854,1.11,21,20,20,11,11,0,0,334
855,1.12,21,20,20,11,11,0,0,334
856,1.132,20,19,19,10,11,1,0,334
857,1.109,20,18,18,10,11,1,0,334
858,1.12,20,19,19,10,11,1,0,334
859,1.143,21,20,20,11,11,0,0,334
860,1.117,21,20,20,11,11,0,0,334
861,1.109,21,19,19,11,11,0,0,334
862,1.135,21,19,19,11,11,0,0,334
863,1.116,21,18,18,11,11,0,0,334
864,1.116,21,19,19,11,11,0,0,334
865,1.159,20,17,17,10,11,1,0,334
866,1.112,22,19,19,11,11,0,0,334
867,1.137,22,19,19,11,11,0,0,334
868,1.099,21,19,19,10,11,1,0,334
869,1.108,21,19,19,10,11,1,0,334
870,1.147,20,17,17,10,11,1,0,334
871,1.13,20,17,17,10,11,1,0,334
872,1.166,20,17,17,10,11,1,0,334
873,1.166,20,17,17,10,11,1,0,334
874,1.153,20,18,18,10,11,1,0,335
875,1.156,20,17,17,10,11,1,0,336
876,1.099,20,18,18,10,11,1,0,336
877,1.133,20,18,18,10,11,1,0,336
878,1.128,21,20,20,11,11,0,0,337
879,1.141,21,19,19,11,11,0,0,339
880,1.105,21,18,18,11,11,0,0,340
881,1.135,21,18,18,11,11,0,0,340
882,1.131,21,18,18,11,11,0,0,340
883,1.14,21,18,18,11,11,0,0,340
884,1.17,21,18,18,11,11,0,0,340
885,1.14,21,18,18,11,11,0,0,340
886,1.168,21,18,18,11,11,0,0,340
887,1.104,21,18,18,11,11,0,0,340
888,1.082,20,17,17,10,11,1,0,340
889,1.077,20,17,17,10,11,1,0,340
890,1.078,20,17,17,10,11,1,0,340
891,1.123,20,17,17,10,11,1,0,340
892,1.086,21,18,18,11,11,0,0,340
893,1.116,21,18,18,11,11,0,0,340
894,1.128,21,18,18,11,11,0,0,340
895,1.116,21,18,18,11,11,0,0,340
896,1.142,21,18,18,11,11,0,0,340
897,1.124,21,18,18,11,11,0,0,340
898,1.11,21,18,18,11,11,0,0,340
899,1.141,21,18,18,11,11,0,0,340
900,1.112,21,18,18,11,11,0,0,340
901,1.143,21,18,18,11,11,0,0,340
902,1.126,21,18,18,11,11,0,0,340
903,1.173,21,18,18,11,11,0,0,340
904,1.103,21,18,18,11,11,0,0,340
905,1.14,21,18,18,11,11,0,0,340
906,1.127,21,18,18,11,11,0,0,340
907,1.119,21,19,19,11,11,0,0,340
908,1.149,21,19,19,11,11,0,0,340
909,1.125,22,20,20,11,11,0,0,340
910,1.123,22,20,20,11,11,0,0,340
911,1.166,21,19,19,11,11,0,0,340
912,1.1,21,19,19,11,11,0,0,340
913,1.156,21,19,19,11,11,0,0,340
914,1.13,22,20,20,11,11,0,0,340
915,1.104,23,21,21,11,11,0,0,340
916,1.104,22,20,20,11,11,0,0,340
917,1.082,22,20,20,11,11,0,0,340
918,1.118,22,20,20,11,11,0,0,340
919,1.153,21,19,19,11,11,0,0,340
920,1.151,22,20,20,11,11,0,0,340
921,1.131,22,20,20,11,11,0,0,340
922,1.132,21,19,19,10,11,1,0,340
923,1.1,23,20,20,10,11,1,0,340
924,1.086,23,20,20,10,11,1,0,340
925,1.141,21,18,18,10,11,1,0,340
926,1.172,20,17,17,10,11,1,0,340
927,1.12,21,18,18,10,11,1,0,340
